{"timestamps": [1520315790.944252], "initial_reset_timestamp": 1520315786.918494, "episode_types": ["t"], "episode_lengths": [112], "episode_rewards": [112.0]}