{"timestamps": [1520386964.660377], "initial_reset_timestamp": 1520386957.709825, "episode_types": ["t"], "episode_lengths": [200], "episode_rewards": [200.0]}