{"timestamps": [1520388325.456849], "initial_reset_timestamp": 1520388318.501647, "episode_types": ["t"], "episode_lengths": [200], "episode_rewards": [200.0]}