{"timestamps": [1520315916.948392], "initial_reset_timestamp": 1520315916.334209, "episode_types": ["t"], "episode_lengths": [10], "episode_rewards": [10.0]}