{"timestamps": [1520387859.006817], "initial_reset_timestamp": 1520387858.409063, "episode_types": ["t"], "episode_lengths": [10], "episode_rewards": [10.0]}