{"timestamps": [1520388197.185427], "initial_reset_timestamp": 1520388190.234084, "episode_types": ["t"], "episode_lengths": [200], "episode_rewards": [200.0]}