{"timestamps": [1520315635.722424], "initial_reset_timestamp": 1520315628.747839, "episode_types": ["t"], "episode_lengths": [200], "episode_rewards": [200.0]}