{"timestamps": [1520388249.437292], "initial_reset_timestamp": 1520388245.676965, "episode_types": ["t"], "episode_lengths": [103], "episode_rewards": [103.0]}