{"timestamps": [1520315272.410461], "initial_reset_timestamp": 1520315266.568222, "episode_types": ["t"], "episode_lengths": [167], "episode_rewards": [167.0]}