{"timestamps": [1520387008.311605], "initial_reset_timestamp": 1520387001.366325, "episode_types": ["t"], "episode_lengths": [200], "episode_rewards": [200.0]}