{"timestamps": [1520315405.531521], "initial_reset_timestamp": 1520315398.59575, "episode_types": ["t"], "episode_lengths": [200], "episode_rewards": [200.0]}