{"timestamps": [1520388336.173935], "initial_reset_timestamp": 1520388329.227895, "episode_types": ["t"], "episode_lengths": [200], "episode_rewards": [200.0]}