{"timestamps": [1520315418.165108], "initial_reset_timestamp": 1520315412.384293, "episode_types": ["t"], "episode_lengths": [165], "episode_rewards": [165.0]}