{"timestamps": [1520387043.796102], "initial_reset_timestamp": 1520387038.013901, "episode_types": ["t"], "episode_lengths": [165], "episode_rewards": [165.0]}