{"timestamps": [1520315926.698788], "initial_reset_timestamp": 1520315919.765882, "episode_types": ["t"], "episode_lengths": [200], "episode_rewards": [200.0]}