{"timestamps": [1520388157.250721], "initial_reset_timestamp": 1520388150.405418, "episode_types": ["t"], "episode_lengths": [197], "episode_rewards": [197.0]}