{"timestamps": [1520387050.712958], "initial_reset_timestamp": 1520387046.743765, "episode_types": ["t"], "episode_lengths": [110], "episode_rewards": [110.0]}