{"timestamps": [1520388169.334424], "initial_reset_timestamp": 1520388162.369867, "episode_types": ["t"], "episode_lengths": [200], "episode_rewards": [200.0]}