{"timestamps": [1520315937.232435], "initial_reset_timestamp": 1520315930.301428, "episode_types": ["t"], "episode_lengths": [200], "episode_rewards": [200.0]}