{"timestamps": [1520388241.020276], "initial_reset_timestamp": 1520388239.530537, "episode_types": ["t"], "episode_lengths": [35], "episode_rewards": [35.0]}