{"timestamps": [1520388286.088775], "initial_reset_timestamp": 1520388279.147342, "episode_types": ["t"], "episode_lengths": [200], "episode_rewards": [200.0]}