{"timestamps": [1520316024.702409], "initial_reset_timestamp": 1520316018.704713, "episode_types": ["t"], "episode_lengths": [172], "episode_rewards": [172.0]}