{"timestamps": [1520315430.582318], "initial_reset_timestamp": 1520315426.582173, "episode_types": ["t"], "episode_lengths": [112], "episode_rewards": [112.0]}