{"timestamps": [1520315833.295553], "initial_reset_timestamp": 1520315829.941571, "episode_types": ["t"], "episode_lengths": [92], "episode_rewards": [92.0]}