{"timestamps": [1520315139.589469], "initial_reset_timestamp": 1520315132.646983, "episode_types": ["t"], "episode_lengths": [200], "episode_rewards": [200.0]}