{"timestamps": [1520386977.194051], "initial_reset_timestamp": 1520386970.235976, "episode_types": ["t"], "episode_lengths": [200], "episode_rewards": [200.0]}