{"timestamps": [1520386953.860083], "initial_reset_timestamp": 1520386946.924469, "episode_types": ["t"], "episode_lengths": [200], "episode_rewards": [200.0]}