{"timestamps": [1520387743.319624], "initial_reset_timestamp": 1520387736.370454, "episode_types": ["t"], "episode_lengths": [200], "episode_rewards": [200.0]}