{"timestamps": [1520315905.114709], "initial_reset_timestamp": 1520315898.16323, "episode_types": ["t"], "episode_lengths": [200], "episode_rewards": [200.0]}