{"timestamps": [1520386941.37626], "initial_reset_timestamp": 1520386935.579444, "episode_types": ["t"], "episode_lengths": [165], "episode_rewards": [165.0]}