{"timestamps": [1520315283.11084], "initial_reset_timestamp": 1520315277.332409, "episode_types": ["t"], "episode_lengths": [165], "episode_rewards": [165.0]}