{"timestamps": [1520316039.686129], "initial_reset_timestamp": 1520316032.738607, "episode_types": ["t"], "episode_lengths": [200], "episode_rewards": [200.0]}