{"timestamps": [1520315249.209529], "initial_reset_timestamp": 1520315242.946288, "episode_types": ["t"], "episode_lengths": [180], "episode_rewards": [180.0]}