{"timestamps": [1520315993.53464], "initial_reset_timestamp": 1520315986.574845, "episode_types": ["t"], "episode_lengths": [200], "episode_rewards": [200.0]}