{"timestamps": [1520387062.913383], "initial_reset_timestamp": 1520387055.957832, "episode_types": ["t"], "episode_lengths": [200], "episode_rewards": [200.0]}