{"timestamps": [1520315441.899327], "initial_reset_timestamp": 1520315434.971881, "episode_types": ["t"], "episode_lengths": [200], "episode_rewards": [200.0]}